title_query,trailer
Roger Rabbit,https://www.youtube.com/watch?v=Vv6dWhBlsoM
Twelve Monkeys,https://www.youtube.com/watch?v=15s4Y9ffW_o
Heat,https://www.youtube.com/watch?v=0xbBLJ1WGwQ
The Lord of the Rings,https://www.youtube.com/watch?v=Pki6jbSbXIY
V for Vendetta,https://www.youtube.com/watch?v=Vv6dWhBlsoM
The Matrix,https://www.youtube.com/watch?v=Vv6dWhBlsoM
The Nightmare Before Christmas,https://www.youtube.com/watch?v=wr6N_hZyBCk
Finding Nemo,https://www.youtube.com/watch?v=2zLkasScy7A
Back to the Future,https://www.youtube.com/watch?v=2LnShmQ_hLc
Batman,https://www.youtube.com/watch?v=dgC9Q0uhX70